"","T1X1","T1X2","T1X3","T2X1","T2X2","T2X3"
"1",42.4364683272115,50.4530341660119,39.3052135970648,45.5974827333215,52.2625218117638,43.1068790623431
"2",38.5651467763515,43.2391966368689,34.189573983533,44.5901443584432,51.3839456275044,38.1929374449127
"3",37.4157111051636,44.389487616023,35.3202285626284,39.3834363432783,47.4977955145703,36.157668311808
"4",44.5317755633709,52.0349729481143,39.0586371247518,50.5226383450431,58.1309496661628,43.5190254995998
"5",39.2757020885355,47.2544052666879,38.1751182744633,42.3269255753846,46.7579415022571,36.6389044107763
"6",37.3652097340856,44.2981703508082,36.1588869707861,41.6299103723728,49.6821891643945,38.8327845155866
"7",38.9826176349354,45.2498912847316,36.1550460028802,47.9246555501196,52.3284918667063,41.8417517396266
"8",41.9096157907976,47.5787983497336,37.0332789764083,44.7745934070082,52.6172602149306,38.9727225068162
"9",41.7345530928859,47.1457586911922,37.4137639563496,44.7877769186036,52.1797809370033,40.0805081168222
"10",42.5981213144298,46.6040380880919,38.1011746270605,47.1642977061731,52.5160012271461,40.9886183682117
"11",40.233580464811,45.3352621833241,35.6423058330286,47.3502954789943,52.290986407697,40.2923268136292
"12",41.558217408881,46.6978338292826,36.9311239550666,48.8165236132529,53.5771644220416,41.1035505554271
"13",40.8132837129532,48.5478694985478,36.8404531761765,45.0148564247354,52.7585998292753,42.0773495295309
"14",40.0402597265996,48.0426001011429,36.1787707574454,42.4659057829903,49.3276520567027,38.6674671633792
"15",37.1266373338182,43.0354638024406,34.343682556421,42.1762734391049,47.2782107390556,37.4992352782039
"16",37.8517527773626,46.139062916252,35.3680238082018,44.8721340076765,52.7893241547267,38.5902393324459
"17",38.118670255338,45.0441654466753,32.6216459530679,47.0622812167647,53.3909627596634,44.2832091240236
"18",42.2287685281003,48.8377992398999,37.6850215168337,44.0764948598033,53.2161160103783,42.3302304715568
"19",41.7742471681077,49.1562074926188,37.0159121484778,45.537783425278,52.1575461431968,41.5372727353861
"20",36.5170883713329,41.292920444163,32.9403259448123,35.5530910152317,43.6906664520041,31.510471355766
"21",40.1052916705744,48.5235849320382,36.5596980581447,42.2248249710888,49.2358350313628,37.183835666543
"22",39.3143916874622,47.6566214704373,37.1627548091236,44.86085094562,51.7786074270469,41.2770380149955
"23",42.7613393917999,48.4404294980731,37.1526093016842,43.96506569462,50.4499224850482,39.3799199482951
"24",38.2470253219115,46.8574401247487,33.0949086313861,41.5286891121813,50.2612148838993,37.9212251477867
"25",40.007511580819,46.7637315569842,37.0210592564722,46.3157058806386,52.5832172898252,41.9810300515647
"26",41.747227505029,48.5375826271086,37.5561126605478,48.1818923666326,56.0906013962778,42.7410450768077
"27",37.8028509762125,44.0009681882711,35.1655487635126,44.1575511566424,48.1563820029759,37.5764404622054
"28",43.3779878947484,48.0607828569519,37.2003604982656,47.0534083402949,53.637202996596,40.1876628924786
"29",40.8439935841404,46.3195129658544,34.1329824496525,43.619273614215,50.4990833757338,39.654115123946
"30",42.200444670809,46.4240197321279,39.9209207558729,45.9552516957343,53.5682762672321,40.8055453560901
"31",37.7465982805391,43.5443688338597,34.0227428592638,41.8882473788277,46.5526145904906,35.8244707429486
"32",41.2452675401773,49.4009784513384,35.7566893618946,42.9802892844706,52.2933871451338,40.1451557100348
"33",42.0003431131521,46.2297399583913,37.0253207635928,45.3639727295458,53.0831431723153,41.4033426734401
"34",42.9731914175513,48.5891490297756,38.3945980185049,43.6417486567758,49.3857887904797,40.698817946041
"35",44.0262887813018,50.5604034354609,38.3798352482845,47.0438933634336,55.0420627729462,43.3253616427493
"36",39.9369801484354,47.2099971870663,38.0412968512637,47.5691165592862,55.5711405399501,42.540238202141
"37",44.9584008466298,51.325854835337,37.6740318510591,50.652216957597,57.4201487247088,43.2530118675437
"38",42.8419429243995,50.5662632781829,37.9377236019147,46.7741620482934,54.4882225610347,41.48270907572
"39",40.4554421141475,46.4141661360301,35.0563535523839,44.3638361172736,52.2195539410447,40.2559598738853
"40",41.3755393797743,46.7038951201974,37.6472396677897,45.8198283131121,50.9905158976587,39.5555748247135
"41",38.5252131606855,42.563675282653,32.7579157027994,39.8966499923366,46.1832263127306,34.7166737723013
"42",44.7097867038684,49.3602755573697,38.2862105763232,44.6970001183222,53.1967763838567,40.7459600785642
"43",42.1536400499028,45.744109706995,37.1346056964683,46.8268774696498,52.5111091378716,42.8974808393003
"44",40.4943178476488,47.418055666114,35.0714252277795,44.9926105322717,50.8321432109533,40.055750965589
"45",41.3725245927732,47.9966453775972,36.4411110947466,48.5765995094899,53.7122044011992,40.3824774144398
"46",40.8971176808787,46.6122169803598,36.5222631143038,48.9866172098079,53.382896919877,41.7193120194432
"47",40.7411965096514,45.8969772823499,35.9670452428835,49.2048201605034,55.6536794739646,41.9089407532701
"48",42.7867135429388,49.9972677440842,36.9138068199369,46.6754554803399,55.296661512809,40.6682140006971
"49",40.6413829754738,48.48078659055,37.5620015451557,43.363265806914,52.7736668553859,39.858426475351
"50",40.9827500475732,47.1644185289846,38.80815406339,44.5457007542416,51.7944830647737,39.4103561739132
"51",41.3884693157512,48.4769244083746,38.6306498429357,49.8018352693774,58.3364172644117,42.8445243580302
"52",39.4654658482838,47.5185632984045,34.1998673298634,46.431801262357,53.4443963693179,41.0305602368174
"53",42.1551360463428,46.7918218614635,35.8133427582897,47.90933801108,54.6483468027587,42.6488122629695
"54",41.3052415237848,47.0953596309135,37.3807311637784,47.4472468353329,54.3606062856584,41.3782252708162
"55",41.066502982182,47.4621300444911,34.1960650627918,45.4248238899164,50.1367707455932,38.8317950257835
"56",39.3870907729286,45.7947117136973,34.5930322472375,42.375074160148,46.987315267571,38.5002895285147
"57",36.4873422339239,39.8212644166683,32.592156857746,40.2376703017106,47.702304851087,34.1731794046629
"58",37.0826925041777,45.9221693690151,33.9781182143356,47.8638113229145,55.4071787109471,43.6392477262691
"59",37.2892894294247,44.8837851645896,31.9696369605251,38.5807229791062,44.9032357816769,34.9320913935047
"60",42.9905418470943,48.9702628168623,38.8655585015103,46.0971728175757,53.2365074762985,41.9016245733907
"61",38.1996034827296,43.4099233346372,33.5817163971949,43.9920847631276,48.8803284381853,37.1096703811813
"62",33.3715927623693,38.4507581272675,30.4724794360393,37.9861265241554,44.5829782869109,33.2572307565041
"63",39.5840395835793,45.9273611915933,35.2166393728615,43.7443093731163,51.9128428619127,38.661686893057
"64",42.4323450036113,47.6391877874753,35.8340315370829,44.6517635828772,53.6877400839031,39.9726087654592
"65",41.2942162719694,46.9938149165149,35.4558836495837,43.8149278409368,51.3056460610756,36.1531435439009
"66",37.5116057054089,43.1316970373376,34.3385178241923,37.216123637106,44.6229616700179,34.0232432985642
"67",41.4144266682224,48.3715019597269,35.9171175714988,47.1013938109019,54.7309180137356,42.8924991378175
"68",38.0295702161931,42.2144915121384,33.8336232773241,40.6162512352083,46.0730140151362,35.199070700612
"69",37.3244924979337,45.3869099354531,34.6712284194429,39.36807432919,44.2939369351127,36.2445427733169
"70",39.037980637281,43.1665834048607,34.5057705586109,44.3430458944557,49.7781732704277,39.0639633225542
"71",40.8703818241048,44.349832452509,35.7585478385056,43.3917850125487,50.6528945324066,40.0798677533443
"72",38.5818750893637,45.5929902443735,34.4145818589314,46.1924660722982,53.6765755499718,41.7034391456158
"73",41.111475334959,46.9924737554987,36.6505109849824,43.2486188435097,52.7427095910361,39.4983255611249
"74",36.7120688302584,44.1588124494096,34.5980424645092,42.1348753373144,49.9793835852939,37.7224622357314
"75",34.6154281199537,39.7807408504978,31.3362909721231,40.3943846015536,44.694284447633,34.3130187545479
"76",39.7073190272821,46.027278772237,34.0378710457957,45.1320149100118,50.797146007546,40.9845723074563
"77",42.742957833468,49.6513530463555,39.3229183978611,47.6402321553046,53.4565495353901,42.4807893174433
"78",39.1280221519854,44.0769737743283,36.2340339543657,47.401334560107,54.3375362670788,43.057064217302
"79",38.2487138304261,44.6305382945838,35.8378095848921,43.388191887658,50.7072594410062,38.2999768856313
"80",39.5083003155037,45.1693497900232,35.6883284041334,44.9872327949287,52.6408305276373,40.9536559533455
"81",39.1530386887928,45.0151258515474,35.4789699746088,45.5265669203169,51.3095484662911,40.6250084349338
"82",41.2640775774631,45.7321745078076,37.3687442541329,45.1340675691831,49.6246718651409,39.0121313417741
"83",43.8403946930256,48.859355360395,38.6135613133881,47.6925297240616,54.4224349984961,41.2790853654375
"84",41.6021814567551,45.4192554783526,35.2742450652766,43.967609958564,52.0605269894733,38.9307903480743
"85",39.4955998494378,44.6967791027685,33.6024555298342,41.5598363318227,47.7093118046598,36.0401559590207
"86",37.5758428080983,44.8166816130146,32.553377426896,42.5785442532684,49.3411159672878,37.471552670966
"87",36.5572098643577,42.8306313493613,32.1111381618575,44.8584707769163,49.9685910478907,39.5215155609688
"88",43.4827202315952,48.2302463413316,35.7964026810839,43.2595639300914,52.4253997028415,37.7170459851714
"89",39.1812546184133,46.5115539999992,36.3103824899026,43.6922169660892,52.3267586306668,39.423971283993
"90",41.999816124279,47.711860558838,38.2771423542326,47.4924227641276,55.4243936029561,40.6662366549859
"91",42.2365442094703,44.3220477943863,36.0631967203404,44.696453127694,49.5312992165052,39.4803743353976
"92",39.9732131708144,48.2012151449064,33.6770555650398,43.3152896355936,49.0961047185082,37.0361264154873
"93",35.9297061315107,43.8432669442983,32.2008816214149,38.7434536368448,45.514714168748,34.5708731855651
"94",39.1321300944456,45.3945078620674,33.4633704886141,40.7287659591903,46.1213712407193,36.519509022797
"95",40.0433287744782,48.5199458678171,35.9503060038664,44.9252590620255,52.1258834523863,40.2544479169518
"96",37.5596111643582,45.9281521012168,33.9666062413209,44.9435354722763,49.8684352411878,36.938393936903
"97",41.8643002160086,49.48232959556,35.9616038411629,48.051727102244,53.2699885029523,42.0615772841869
"98",38.076280032882,46.0403240128352,34.3445340192502,40.5760597686528,47.3665776766396,36.5234990264295
"99",36.6973255978666,43.6137922008484,32.21224562855,41.7721189631161,48.5978629586412,37.5440846795465
"100",35.6073480038993,38.6992712415412,31.1214520720598,39.3651958403574,45.2898904936916,34.3410370473477
"101",41.0807823658006,44.3199203967565,34.5908049324521,42.8023806879918,48.9489585952263,37.6621660954851
"102",41.0577349056074,47.7674197793899,37.6896596140124,44.3087775705208,52.2289008443393,38.997228792923
"103",37.7134582884626,43.5778748437441,34.5367284757575,45.5042873446991,51.541508382242,40.2298480244067
"104",42.0876711451281,49.3986970455593,35.2481882352373,43.5751067771337,51.7142927940301,40.2531840243103
"105",40.8747398137229,47.4263462087925,38.6607696007134,45.6382425642508,53.0290790258913,41.4014089984174
"106",39.4446160707614,45.6264506545988,34.7458427271659,44.3051555952939,49.9039903747864,38.4135497783881
"107",42.179925024849,49.8270000349414,38.6133119024831,46.1213720679225,51.1407570147317,40.7524088875551
"108",40.5504606064241,47.2246093590495,37.5219820145638,41.901610243515,49.6833529025065,36.6291140592586
"109",37.9461234288793,43.7452433893461,33.972044745267,45.0188137095939,50.8390542119719,37.4702059184628
"110",41.1092168262154,47.0381638839071,36.991021096739,43.1810436984031,50.2379462489951,37.8231600450579
"111",40.405171706152,43.7922121866345,36.9640185107841,45.5415056134159,50.3247964245759,41.0853152795184
"112",41.1587391711397,46.4489453081123,38.7608934224599,45.4412564162328,51.5656680175229,41.5403352509359
"113",43.2816616634313,49.6476295275136,36.8220532201853,46.3046711589971,53.0088054155098,41.9062353974854
"114",36.9765298967198,44.1018301614878,35.7671675765378,41.784247267524,48.1694076412269,36.3706120987038
"115",38.6202726850812,44.0112960507998,34.0961998860421,45.2057085916248,52.052357847241,39.6533906275889
"116",38.4266442334265,42.9280584602674,33.3990307254281,42.4505891183546,49.7719994005649,35.5648003151079
"117",44.1735387381625,51.3176505582034,38.5158409609077,46.7032261333382,51.5049577957215,41.5526393042732
"118",39.7147921434889,45.8851036783618,35.3910693852746,43.8012488201187,48.8503977744835,39.3011939778755
"119",37.3845653050717,43.4674726973246,33.8237784558524,43.7696297608588,49.1581680465575,37.2453600157228
"120",39.4781484442481,46.136521500612,33.6994484335836,45.0814866028035,51.609503863549,38.4755298592105
"121",42.1960757498849,47.6111381202893,36.184381781865,40.9636686869361,51.8775595673611,39.3912199974051
"122",42.7616782153912,49.2847534828698,35.0253736052004,44.9815757312099,52.5140474361793,41.4438398738838
"123",34.9609912410772,40.8809599270833,29.7160200389263,39.4044068580817,45.6261272995832,34.2768824865973
"124",38.0330986328797,43.6027166027848,35.446500996223,41.4967892325948,47.7912656620475,38.4564677236856
"125",38.2562585202886,40.7590075888521,33.2825478339196,38.3447846819299,43.7275980472615,35.7485192169793
"126",42.4649778802882,47.7061504968038,36.2433681469376,42.5286321573087,48.211357299859,37.9082184678336
"127",39.6205331849663,46.1852854286763,37.0034670925398,46.1502076580226,54.1628586522632,40.1629334276008
"128",42.9120798791433,48.1710824716315,38.8858807140256,47.2837397499957,54.9855099365703,44.4294072369207
"129",41.0373424487954,48.2751068510549,39.6327929526947,46.0547893482915,50.7659647199557,39.2499111342204
"130",37.7110717100984,46.1505054851595,34.6047304849731,42.8344243295073,51.1079327763478,38.807444930931
"131",38.7710692111212,46.0900994336434,34.852880706798,40.0701973492229,47.6782971771969,33.6170374019291
"132",40.6083037133906,46.9053683242071,35.6541530176434,42.7158241580706,48.6162939174129,37.5582768367991
"133",40.2148589192,47.0579472675181,36.2395389381201,49.6634862232269,55.5776340238321,41.5245992214794
"134",40.0644293391789,43.7092061478903,35.11239889546,42.1270285359661,49.1253462886898,35.5611573618536
"135",43.6321411730528,46.5826215243478,37.2714508509077,50.2322002293122,57.1563578801984,42.5271493568193
"136",39.951167796728,43.7508772015684,35.6999932179143,47.4525944521467,52.7002618527845,39.8108810109104
"137",41.7638333988486,46.2434007794314,35.7073889067656,44.489651463182,51.1500912070091,40.2940835656289
"138",44.8163899486291,49.5173729142922,39.7168204926762,48.0397664324428,56.2438983061127,44.6651888647092
"139",38.9471828832987,43.6368954525068,32.9931641094648,41.6433095776176,47.4669432741988,37.2669049842863
"140",44.65175385304,48.2731734084246,36.3948305291491,45.4783382656765,51.2501898520314,38.3892781323862
"141",40.4394559139251,47.121402505906,37.0465341451903,43.597184869839,51.5158668985647,40.3581109008681
"142",35.4039899569676,43.5242691863904,31.411197218472,41.3082170559397,47.0222300758903,35.7259752772403
"143",40.9443021865874,44.2896230139886,32.4727531624338,41.7798065676686,49.2649115050919,36.9522898446633
"144",39.2091728787302,46.2222763806594,35.0086125217623,44.5361905114904,52.3646547586041,38.4702975189188
"145",37.7955750247109,44.8601638994737,35.5333553702945,42.7240577199405,47.9847067356646,39.1870524579274
"146",37.0905216646342,44.0486224317907,34.2384015326417,45.0288093890446,48.4949172598846,40.0689613356922
"147",37.0321409080443,42.5053886680795,30.9820889853409,40.7406707552349,44.1233471410962,36.037787808872
"148",39.0930509726248,46.3267957484331,34.5071231811097,44.3521717229428,48.6075413186909,38.2078130538452
"149",37.8753666800922,44.2891715970669,33.9014826276721,42.3377556495955,50.3902839048982,38.4372342783476
"150",39.0694263650439,44.710546950347,35.869140520944,43.99150458608,48.59882884191,38.1538668156935
"151",40.8439673729399,45.4007628674985,35.6391393586594,45.3174046049128,52.4124772161137,40.3649336546149
"152",39.0662593480954,44.9694125267172,34.8220107329847,43.4344867457388,51.4608952949972,39.3804554468509
"153",37.0952737030949,40.7203286782565,33.0509023021722,40.5395909073924,45.0061085855375,35.6113240659451
"154",42.4113208306756,48.1039157805078,38.150941403155,45.9042477245102,53.7535957915143,39.2343343940184
"155",40.4737514990706,46.0545892236539,33.256550145999,44.0226272708062,50.8328339883168,38.0258332452408
"156",38.0382406698231,42.2584257110602,33.4406214233938,41.9964929203959,44.8534665479342,35.5311579082602
"157",41.9397002913111,48.042871186307,35.9119783656156,44.3378308084365,50.9583406131071,37.3657842303276
"158",42.4767099382844,47.7008246030852,37.0228858494017,46.2813531398237,55.5109590783971,40.416271145515
"159",40.1977236018442,49.1989557932618,37.046203482855,46.2566083877701,53.7614876847527,40.4880312535196
"160",41.265548131956,47.6125061690445,36.6699269341537,45.4678969250486,52.8860953143276,36.346157664097
"161",40.1125880406807,47.3545999953463,35.1099348809037,48.1547576651444,52.9064331745263,42.5527168779108
"162",39.8459351401818,48.0103214476287,36.9677414142238,42.9247500582234,51.0712278375729,40.3066660393147
"163",40.4417553154148,45.6093361290083,36.5167696316309,46.544953374105,51.9795294912141,39.5297479918711
"164",39.6777354700117,45.0043311249092,34.2845137551376,45.044824610147,52.4481022690751,40.2688024480783
"165",37.745302969796,43.1788209632729,32.2736744403822,43.6164304119817,51.8019934189908,39.1534755918191
"166",37.3746589282528,43.4249296598033,34.6835744762008,42.088334524311,50.6651607429003,37.3238795146856
"167",35.5604618462873,40.8055539730414,30.8616679163321,40.0492154852876,47.6767479852652,35.170755761975
"168",39.2167664742973,45.6102276842666,33.0600043262358,45.3843592486875,51.5766585316798,40.0714286743442
"169",43.890857730666,47.0966619615282,37.935402407383,44.9513776918665,49.4570855958575,37.4824807725915
"170",34.7396113879629,41.5922314763233,32.1268578037341,41.1777687905528,47.7487508795215,35.8061203205958
"171",38.0782695811686,42.4148987539739,33.6937688938411,38.7409728167591,44.7127524226704,33.9667003044893
"172",40.2091907017071,46.949523142249,35.7325084054569,43.2742742448826,49.2249872558583,39.4955825305797
"173",39.9554529945467,45.62562816584,35.1768715253132,46.4098757746706,51.9988641455305,39.9229486027391
"174",42.2138068759462,49.4581143770512,39.4047808422317,48.7248530147863,56.1275462569186,44.8107736972061
"175",35.9103774401756,43.3588125415562,31.8952936651141,40.5658351739427,46.5921879915723,36.2193333707064
"176",40.6788353463266,48.4756285394981,38.2750129985771,47.0803167343107,52.2495952104672,40.3452027164794
"177",41.8930460354971,48.3437721421469,37.1385256392334,48.0112987156995,54.5685410472845,40.477452197226
"178",34.7185521384697,38.9717020221988,31.6838419460486,36.0117563516063,39.681236466706,31.7895650574375
"179",38.9909833446835,44.7299648458756,35.5172576817062,42.8103196460358,50.5351971888161,39.0100858973348
"180",37.0751359982507,44.064676898392,33.6123172062283,45.2586621701352,52.0959018246212,42.0781539231108
"181",46.078917110754,51.3893528436521,40.9528631887405,50.9050065734011,58.9691038562655,45.504386204786
"182",38.9972385637173,43.1849678799387,34.1777748899654,44.730007256281,53.1545691607337,41.0235133550552
"183",38.7389767824138,45.7002839469754,33.7418759954228,40.4058163617932,46.7825858549305,36.2411702406368
"184",39.5023251971496,43.8036246041435,33.1632017998707,44.3714527491544,50.1140308946111,37.4468137169289
"185",35.8556694088438,42.309303295622,34.3103397762027,40.7908172370112,49.4118925936737,38.94297682939
"186",35.8303548484358,40.49354945571,30.8802151259175,39.8824484135435,44.5331235636702,34.9327516479837
"187",38.8412471203297,43.3999206644462,33.8958430477762,40.2985778907246,46.7198786560266,35.6972145657081
"188",38.3349953119253,44.6017437952032,35.8143385817159,46.4685702480726,54.5692948474419,41.1531566873907
"189",39.2782419600165,44.5454802888431,34.0548764234783,42.5526524151402,47.6673856362153,37.1168525265638
"190",39.9431539218411,44.8662616221049,34.8787666882973,45.9214623424045,51.7873008794659,39.7775102139497
"191",42.0713874078758,47.2276782860002,35.3992448316282,45.0619873108078,54.02087623499,38.2087189671901
"192",46.9680636157478,53.3968924222549,41.0948454706185,50.1808690293519,58.6692409942747,45.6054514510557
"193",41.524150489795,49.1304061032006,37.5154992848553,44.9255721805662,52.7321476904467,40.651571788606
"194",40.1378943713141,45.8372772048402,37.561195247176,40.375129047859,48.8638407540031,36.4337763744043
"195",35.2244158399469,41.5839907789239,31.49139239166,39.5970217157917,43.6190705907925,32.6627857334345
"196",39.0400729179121,43.6044779162611,33.4929544934875,43.0784354805088,49.9397053016199,38.2194889110073
"197",40.5066955063133,47.3035007527913,36.6924541205747,39.8953130528624,47.3667676173387,35.8126768489525
"198",40.73594407325,48.3257670693207,37.5125294124008,45.0521945459521,54.239750098912,42.7068171422802
"199",40.9316597349282,46.8317500074338,35.1621655183772,42.1404402958589,51.0687245794556,36.569077716851
"200",46.0151965002314,50.2022823782663,41.6158927186226,48.7735431097815,55.6755053629272,43.2178780598884
"201",41.2052894526827,44.3631061584698,34.4034085398366,41.1247923331456,49.6088516188163,37.6747503801716
"202",40.7263420166252,46.7957671503354,33.8660429786022,42.6692958079414,45.6841094992994,36.211985886331
"203",39.3853670657286,45.0534564021155,35.3148736240785,44.5406079861227,49.6056631194239,38.4387171370944
"204",37.3686755088174,42.292208345984,33.700534468136,41.9903086713774,50.6954963642993,38.1943642902214
"205",38.219426218881,45.432142048191,34.6943663696256,44.5344022492085,48.3120620922303,39.392878338731
"206",39.6446588126641,42.2899996191969,33.1865498790523,43.4483910510957,48.1777646512913,37.2391234020147
"207",35.8791790176382,41.5627824892893,33.8468194166106,39.8239234225103,43.2832156105171,35.2395891577575
"208",36.7999554455829,43.2747627240003,31.2174381974879,41.8213421414549,47.872880633634,37.3867777657664
"209",41.2841711122512,46.2524557701825,35.9746480183812,43.5751375363031,49.2671099639923,38.8022391366012
"210",39.8119003354059,48.7188623761146,35.97022004538,48.2203605299065,54.254987600655,42.915736869102
"211",41.7799749236055,46.1361938097846,36.7307039838786,40.7086466819147,48.2844690917222,36.7055420553956
"212",42.6207862482399,49.9302169146578,35.6628087573309,42.8146927358811,50.5834366649494,39.7168303507815
"213",36.2952138518108,41.4572100799501,33.1661567066166,39.6414504818523,47.9018928865552,34.9509118752585
"214",43.8708956095517,50.5356525065183,37.3368101651013,47.5064913533324,56.6451549110807,41.3950928980384
"215",40.082753962435,46.6746186487141,36.1598756466849,45.5042287705698,52.4071242550985,39.7149134505229
"216",35.993402398617,45.5079292473686,33.2374876750979,44.016322178395,50.6454352822941,38.4220528933123
"217",38.0406061494037,42.8849324549039,33.0563175559405,47.0229382774352,53.5550411382057,40.705029298007
"218",40.8613505250094,48.1839755995749,35.9821316713876,46.6557853234693,51.6364949433926,40.123933091095
"219",41.8508324384116,46.0760293575482,35.3558989627379,45.3463598453099,50.8976859333392,39.838355147902
"220",39.7313269656672,47.3368634978833,35.5891630156364,41.9053758454485,46.3137675272771,36.2632380769604
"221",36.5815266284411,42.2006326520553,30.5090011193011,43.948704177407,48.8392690428376,38.7735380862688
"222",38.3853012592983,43.1415197590816,33.8307051834085,42.2750266164249,50.323953280756,37.0708091073002
"223",36.1675180417636,41.3232552760756,32.7490815905572,38.2045378592647,41.445317098542,33.9114723500646
"224",36.9851445545718,44.8013587868935,33.2911182747433,40.6912290080509,47.1725740218794,35.328781436659
"225",39.6846634540622,44.788134284837,35.7933079531343,43.4303452676233,49.5927561876629,37.8320398077883
"226",39.6238799662944,47.2134536103009,36.8412292265911,45.3849685843871,54.6974141682265,39.8547653876701
"227",33.5180025752003,39.5388417213793,30.9241606196959,36.6351376704532,41.8092066953978,31.292455348599
"228",37.7470200152105,44.4205475014361,34.3584198867657,42.4496074170005,48.8703655601437,37.3496015008116
"229",42.5661643657289,46.8034053734142,36.8818909222436,45.3705610474744,53.7863963400592,39.142632423162
"230",37.6803258021108,45.1891006454048,35.7260952816608,44.9349688585702,49.9593309420629,38.5916468794631
"231",41.2328471107993,48.8466923738219,37.1362459957046,44.6427275997935,49.6887690884983,38.8390532330429
"232",40.5830349140666,47.9266513374905,38.2310907068993,44.7276863921625,50.3829405833497,37.766785737209
"233",43.6847323042894,49.5160824308115,38.4061454175763,43.1440906347966,53.2669625025045,41.0973499505705
"234",39.7797491220082,44.6848710093099,35.2513887556751,43.2563953049997,51.6680958876938,38.3407618810292
"235",40.4463222009742,43.507420972313,34.7768998242691,44.4812374461289,48.9225278123372,38.4375272692055
"236",41.2622753366846,48.4212126584337,37.4196809513111,46.602003835666,53.7085239290974,42.7764365302815
"237",49.5395364763945,53.5668687764972,43.210929286823,51.9200481225286,59.5523751558625,43.9255561125703
"238",40.625241294197,46.383554002987,35.0268653841838,45.1540362267159,49.9923716693574,41.5335351604092
"239",40.2214501469303,45.7876817545475,35.6660838825802,44.7417220378454,50.5239685624906,37.5688948965196
"240",39.8149739830479,43.9380522116368,35.482341200111,41.954043421881,47.3842512438764,38.802442113579
"241",39.7907087773748,48.7091147747447,34.3226518083641,42.7176872233194,49.4336448906765,39.3333077949009
"242",38.6817955477221,44.8309750118351,34.5476397414348,43.3179220277451,50.0872775082271,37.3009236026172
"243",44.2292408219322,50.6880464002638,41.1695562954335,46.4132075450788,50.6308170550244,39.3344741631641
"244",39.3030551271272,42.0568804980594,32.8341040404723,42.9409219682775,48.4072168715363,39.0752838508636
"245",36.3362762241776,42.9738101614143,33.1560364911155,43.4569084393826,50.1779501991525,37.5820629735353
"246",39.5915522655891,43.7443039913671,37.209550532273,42.8151471007958,49.7417412182981,38.903437351049
"247",39.4616466907918,45.0336654494117,34.0756959107792,39.5003906080504,43.5471636390003,35.5464579322022
"248",37.3818758078552,46.6794571151237,34.8986238469008,43.0012328424436,48.2443370802191,39.1871341647616
"249",40.0883303272112,45.911948609365,34.0110460241427,43.4190877050265,50.0276604836074,37.534204676394
"250",38.7946437893796,48.7351885017445,34.6023940649678,41.7872706891841,48.5589651730003,39.0740605004535
"251",39.3213943964553,46.1932434414839,32.515678667466,43.881082933299,48.2389257928105,38.3303619933758
"252",36.4538308212705,45.1627753793462,33.37314694072,40.6568585852504,47.9608559648125,36.0827019109839
"253",39.7976666579237,46.2105445169674,36.6444652865053,42.0320808774619,48.1915989920499,36.5823629674352
"254",38.7952854160582,44.8844538499967,33.8779311141434,41.8394444394264,49.3078791373488,36.6608872206332
"255",40.9958255553863,48.6518849072629,36.3742826941818,48.241975262431,53.5602070689513,42.7940248919672
"256",40.1908058097787,48.8522141120055,35.7353356113568,43.6048509002166,51.9921704426534,39.7815587773996
"257",37.3102904095945,40.784032897504,30.6284226139291,41.0694580187254,46.8676208368688,36.6592437559293
"258",41.1742362511882,47.4671656766502,35.7290652859567,48.7406251059258,55.5909416694005,42.456961023556
"259",40.9634981960272,44.3921156702797,34.1560049483173,42.3493475609205,50.3717485537492,39.0444061765627
"260",37.4392238171688,44.3548228105165,33.5779544766389,43.8501990659541,50.8444242141875,38.2064925873351
"261",38.1850707123866,45.0682384942735,33.8775233970062,40.347447497912,46.8423575432293,37.2655557673172
"262",42.1634190655725,45.6674293783142,35.428356846333,46.279101377197,51.1313291183311,39.2017607244324
"263",38.9011139905779,45.4513912744342,33.5019874563808,44.6883873327454,49.497401342314,40.2674457789562
"264",45.3618484711672,53.471035063911,38.4336998031827,45.2429912173336,55.7786170092714,42.2357748236846
"265",40.1624213433224,44.4249993161064,34.4960585071281,44.1412685250941,48.2921493905515,38.8962994767399
"266",42.3714013553131,50.2775851400141,37.3171915189227,44.5816229271054,50.509175886043,40.311318190298
"267",39.2901996287347,47.1325206305754,36.1574655774055,44.1881984315171,51.7226777085082,39.7252020798965
"268",42.4161557687548,48.1557560479614,37.313488680173,46.95019561196,55.8137983971848,40.6197796107801
"269",39.2251753617496,44.172873804625,37.3341645091133,42.2376886957184,48.8165260637138,38.5750795353512
"270",39.5887041815667,45.3286766250305,35.816251273427,41.9603000461969,46.5709058963891,37.3026349503287
"271",43.9299362635598,49.8582356439412,38.186983079925,41.1953302720982,48.8929205860181,39.2320224750105
"272",33.8115847832828,40.7764077452328,32.3373735848007,40.144585445886,45.6017822526056,35.9946742121099
"273",37.1269964029603,45.0270271521184,34.5295126110253,42.8142490693507,47.8945837250964,38.0983890801668
"274",40.129477645788,45.1767360846085,33.537642256919,40.4713868274592,46.4312879840834,36.4637798985769
"275",36.113319398445,42.0358736649966,31.5302458869077,38.9504839361972,43.2231515560987,34.3816286988895
"276",41.9904548781281,46.6669001295262,36.3698524652296,46.0775757068068,51.8753607938469,41.3585134078409
"277",36.8103545300501,42.7979493638336,32.648543016356,44.8349431759498,48.4494638567335,37.0504126174208
"278",38.0982542972355,44.160926270007,31.9064446583558,40.5152138889444,48.3387009543559,37.5379868746058
"279",40.1871266497068,46.5127837526656,33.9922798721933,45.0152927649291,51.0608681732188,37.7094989774501
"280",38.5924224207626,45.1267292184153,35.6324192080883,42.0557662620976,49.8514756664409,39.3722814106299
"281",44.8177631516199,50.1987478343778,37.810228779205,44.1344870138946,53.3029970574712,39.8389968564846
"282",39.2366076972907,44.2641783295431,33.5193603061263,42.27954505206,49.8753774546194,38.8025058250944
"283",39.9260839072515,46.0358585034362,34.7957565636818,45.7512965630544,54.7370874835515,42.5257211870857
"284",38.819184434359,44.4173266189907,34.8471048000796,42.8288805872901,46.7197233041208,36.3155138033754
"285",43.4671976952762,46.1046100790103,36.8370990599823,47.407736148233,51.9773160651143,40.9564349185133
"286",37.7677959524889,46.7920127399351,33.9808093173419,44.0760118224077,49.570601995765,37.7759719334939
"287",41.6196860580692,48.3795136828186,39.0238199775632,45.4346894764271,52.9239279248137,40.1529503692908
"288",38.8172015073006,42.3295733207405,32.6585348800445,47.26141644965,53.1333089337304,42.5449842579863
"289",42.5011760451273,49.4265905154172,37.3878890246334,49.3815889700574,55.1764110642807,42.6511191521081
"290",38.1523499972687,45.7951351445127,36.3857767874562,44.9908643322958,48.8950233730201,39.1995661297973
"291",38.2818310857583,44.9346214179482,33.9588433439667,41.1958372319319,47.1334052483482,35.7630414190301
"292",39.8593149077906,45.1215383693956,34.5108409139213,43.6022076313803,51.6771375390959,37.0190681016205
"293",43.5598163544778,48.3755729718426,37.4071317018745,48.5979770774913,56.6839738333184,44.8673084008971
"294",42.0947879312818,46.7592145257441,37.9694510952651,45.9848487682457,51.2905674310006,40.316729167579
"295",36.0842223915304,42.2741399362896,32.9068540785813,39.5887012740921,45.0561752526581,35.8276879606669
"296",35.0927809813546,42.8100021060773,32.5780100959831,38.6832756307513,43.957425212303,36.6043546556703
"297",44.9991609683038,49.8471715635153,37.5560285305218,47.161835772894,53.3680585586363,39.1075305388645
"298",40.1645700131979,47.0490816891919,34.6120296897452,44.5834269935964,52.0958448920606,41.2062180611192
"299",37.451804658205,44.0362977871176,33.7982910940825,44.2397717467768,50.850385022066,38.6527626239663
"300",37.545209634004,43.8361472942163,34.0839560194224,44.7223064555239,50.4329269403247,39.0426355261954
"301",40.868966205007,45.6601609681421,35.3586191703103,47.2612885062098,53.0147880842411,40.3096264231278
"302",39.34532506838,47.4769172402731,36.1167496277557,47.821571541773,55.0443599133403,41.5288322954699
"303",40.0403382552904,46.9163005445353,35.3875058067801,45.9048796338461,51.2937849447477,37.5870047718496
"304",40.8489043359682,46.2395352420831,33.602949405271,39.7522189635938,46.3051252725991,34.7669576175357
"305",40.3033079271886,45.0087356846711,35.8919109135939,43.9099153076029,49.9455873502339,39.8874017473001
"306",42.5494601820827,48.3929497758503,37.041863449075,45.0628709759301,51.9166565868391,39.6555714196975
"307",40.0436875023123,45.5358242259557,35.6280454094729,46.7650916259444,53.7407645197543,39.4791124622031
"308",35.8212528043625,40.9210891457314,34.3610096730509,38.6205839113098,46.2015975790667,36.5400819510815
"309",41.4384622965542,47.7701570470795,36.8805956537586,44.6706757264501,51.0279017034566,40.0078820178451
"310",37.3455038348136,43.6842356468825,34.7085988427951,42.463992425557,48.6934174372795,37.1201559479632
"311",38.4373881916193,42.3141125597709,34.3085959144418,39.5612118751764,45.2928617094212,35.0263799195428
"312",40.1430956889195,45.3977839530284,35.465383304809,42.2647711481941,49.2243420424359,36.5548571721629
"313",39.8208243903139,45.066955204951,37.6170383409554,44.6264187400175,51.7678005187469,42.3442411228483
"314",40.2093224568392,45.0567558952578,33.9245256703745,44.7895047820537,52.0152085220042,38.748883433147
"315",44.745754961339,50.9937730948935,35.8677522582364,42.888198565919,48.7246920456829,40.237804339268
"316",38.0785921122001,43.2945108639299,31.6221984308433,40.2070726016347,47.2106443250413,36.8844292409404
"317",41.1195933809514,45.86012459981,35.5020206261954,41.9353968310169,52.4610450439712,40.187825712749
"318",36.3140327776993,42.5927632423233,32.7266698736978,39.5701095078467,46.1983025137753,35.5652362855455
"319",41.4421712098358,46.0391418346485,35.7590328417733,46.0344991808273,53.1005190878856,40.1151864702614
"320",39.3758650224029,46.9673179737111,36.2245580799652,46.4462573576667,53.1261535119787,41.4320978133103
"321",39.3338885038246,43.3588977361717,34.4517004704554,44.2718387170515,51.0422547726805,39.9676959936258
"322",42.0827387286907,46.037023264452,36.256937376269,43.4276202151852,50.4393512762678,36.8667511399257
"323",40.3183534357419,45.5169459503594,35.767263625718,45.3211559181036,54.535691901824,39.7708644210121
"324",43.9208656975559,50.1618265774807,39.5137147635699,48.4580537779371,53.4537567359953,42.6499868196894
"325",40.9902226590955,47.1732399710648,37.812898108682,43.5209667716982,49.8877319604659,35.9903662320827
"326",41.6385560890678,49.5279516668373,38.5088274544774,45.7676404787132,51.2459041410005,39.2298815249853
"327",37.4177826415243,44.180715473049,32.4810681781537,41.7609360998089,46.3844435140997,37.3432847493143
"328",41.278150718185,46.6654080908898,38.0647465578488,46.9436976444202,54.4715425898734,40.8090469050076
"329",37.4897298905922,42.1105791367359,31.2891144805647,41.6708691847453,48.4241606945245,37.1419136658436
"330",40.4409339800812,48.4021542785168,36.5150950087189,46.7768665808218,50.9607502086533,41.2280350207533
"331",39.0532727536462,45.9914497557394,33.6310765381253,43.5864932440787,49.8912286689721,38.2514173270928
"332",37.9504469194392,44.4522577628657,33.9324427296224,41.8488249184037,46.6702352974892,37.7050557495969
"333",40.1611063460188,47.1890951329846,35.3041720023515,46.6218986142881,53.1503593540632,39.0910017873975
"334",40.0548803445195,45.0662536981179,34.9554992178278,41.5789055078037,48.0211454499595,38.0599007070402
"335",40.9718908457046,47.4304897783151,35.8086042912907,43.4982943497778,50.2575486266581,38.6242577406458
"336",43.5837958056008,50.6510428269042,37.55661035883,47.0150660982412,51.7982383344546,41.1625351948778
"337",43.3249665765494,49.7574007307566,37.083236614768,42.5863290355663,47.94747138156,39.8610293580756
"338",35.5578083370524,43.9791312465858,32.2333404369886,39.3064320244045,46.0179216244603,34.7293335717037
"339",39.7462203005409,46.2577044276794,34.8860131276453,44.8554303529899,51.2377296495522,40.6986575576003
"340",41.7146814059547,48.0695230458586,36.4867014913665,47.1039648755938,52.9379760705276,40.0264116670922
"341",38.1501565548713,44.1567986071957,34.3900588760335,45.6523922147634,52.2674084675112,40.0429972669564
"342",40.1103705285019,44.6571339244284,35.1995585712106,43.1839287555304,49.4893835169157,37.8345806076221
"343",36.382598001203,44.5269291651975,33.0814679056214,40.8191926191161,49.9433329760437,35.8388487400491
"344",35.753359604001,44.9259544559216,34.9853056867788,40.3582786647972,46.7454682467631,36.3447144460708
"345",38.5177623558939,45.7946529926771,35.7458845622017,42.6966805440648,51.1112494975964,39.5612336622722
"346",36.4975890056892,41.865335434911,31.3536144465032,42.298008682078,47.9486550305825,37.5618252541064
"347",43.0680244985181,47.1991183705315,36.0921673968857,46.6184553127549,52.6103552541132,40.1831358175812
"348",44.719544686801,49.4007299714438,37.6502577663965,49.9676412300625,60.3077537628975,44.9425437654929
"349",40.7716666044082,48.2467393995847,38.424200112268,45.0901540176512,50.4879083467821,39.4917464852334
"350",38.4438788504153,45.8259785546016,34.4949952186574,47.1749887714037,52.5267021077118,42.7791217207185
"351",45.5505206770209,50.3424212504351,39.7367887862566,50.6441452655226,56.7331690214799,45.000305935723
"352",39.3115158568941,44.9721106612046,35.2395593574094,42.3420665412022,47.9380020298071,37.7159304556822
"353",40.3891754432377,46.6491500919376,34.281925851351,48.4732303018508,53.3131508673268,41.8403232159078
"354",42.5507970591125,48.8865951200414,35.6438858946004,43.4377802281661,49.156617252991,39.3913667216284
"355",43.2390681316651,50.3655846351889,34.3649799946097,49.3103879631788,55.8380324848093,43.1547653498157
"356",39.666043243538,43.5753063396093,33.1938424793891,43.2245060648059,49.6180864301349,37.4737718097746
"357",36.3486798179247,41.6165897678424,32.2845875036523,39.3205823997688,44.464005831731,34.3267299948854
"358",41.4918864049441,46.927966647235,37.6884819277724,46.4253810508363,53.3923671444722,41.5211974882904
"359",37.4973053239817,46.525260955741,34.6883529470214,47.1817444870973,51.0933433185423,38.6279244374248
"360",37.0207848056426,42.1744754239075,31.2891950235072,38.2314554052397,44.499939808455,34.287444090587
"361",37.3907546644758,42.8080502498105,33.9320223153729,41.6957942736812,48.4701541243463,37.2130524708317
"362",35.4122539552619,42.6187585962314,33.1702438190463,38.7944944188213,44.9168078764202,33.1532335521931
"363",39.5743697750512,45.4768566735022,34.8417559832662,44.7055872818525,51.0663698754339,38.9734353059335
"364",39.6669541691805,45.3548676509124,34.2888027425546,45.8195727423334,50.6626995210487,40.8740634067191
"365",39.8767437202153,48.4763580652904,35.7805688500839,44.4698885465911,51.8025070307306,41.7264444664325
"366",37.2693821094096,42.7867612064045,34.8041738588071,39.9082165962044,45.2863432699582,35.3710706298429
"367",43.0470428075884,50.7734460133053,36.0341960427582,47.9279936605242,53.9342291362475,41.1629068825857
"368",38.3326111547242,45.655459095132,35.4180686438099,42.8500565799471,49.9094379809401,38.4313466681234
"369",38.0527649106369,43.8946280849321,33.6073102409182,45.3731609821276,52.8407922080786,40.4797575024961
"370",36.9132951104679,42.3889465210912,32.7825736339125,37.3117808362417,42.6155166223678,31.9722849365542
"371",42.5108923097652,45.4149829465908,37.616076666874,45.523503229353,52.8330251237842,39.9397496759099
"372",43.2971199039332,48.9273753069417,35.6656171730326,49.4053010175731,54.6899825455993,43.7484277413296
"373",38.691622946397,45.801479297672,34.8333749100109,43.8879131001042,49.377432212648,39.0257323557666
"374",41.7763582912438,44.5805294670058,36.5407274122733,44.2504641302685,50.8437613790464,37.8788735365842
"375",40.6968818480586,45.6699884782596,35.5925793288373,46.1579847290476,55.3471533018647,42.3740932658114
"376",39.0430953993801,46.7511834460376,37.3110790253961,43.1912075894706,47.9329381837609,39.9389699960504
"377",40.0061697910572,48.5510185664533,35.1051353729623,45.7517030306788,50.928399046645,38.2549042145465
"378",42.0163609187599,48.9441338393735,38.7205748458411,44.7707121995321,51.0143137608795,40.1907162784356
"379",39.8749173777691,46.3732384269277,35.17900719455,42.3698426593815,47.3505204786398,37.4760236072987
"380",39.6699359937547,47.4716521628803,34.3973145088878,44.1359850058094,52.5926759802289,40.7457081016616
"381",42.2994076217193,49.4419763758797,39.8640319972779,48.3324943679478,56.0644994749162,45.1070005129696
"382",43.4339119220615,52.6815347776323,38.4294048161641,51.9861442909877,59.5439658247728,45.3946958648663
"383",41.9065956418659,47.4156703586337,34.3540572787268,46.7378356909948,51.6033574466699,40.812520133281
"384",38.1193057149753,44.2653773550007,32.8743578033716,37.940033996231,45.268962218167,36.6101046081063
"385",40.274402192285,45.2005555539158,36.7632084455872,41.4597716766515,44.9764210492962,36.1493260491435
"386",38.4183346108108,44.1564597383781,34.3367667142075,40.33711186626,45.9014837410303,35.2921133896183
"387",36.6372268733507,40.4026255828363,32.7362630398717,42.9727874256383,48.8419914181171,38.6072181177787
"388",40.6547138812637,46.0280666661566,35.4615286341579,44.0062236566831,47.6668528823626,37.3679100044967
"389",44.5215599010843,50.4609816283343,39.2624555491451,46.2457444358878,54.9121855042483,41.5560338102667
"390",42.2298271290381,44.8657526975733,35.1982051484771,43.0377345256686,48.6469530498268,38.8146399489171
"391",35.3824428364935,41.7434512314616,31.601328100405,40.800821865813,47.4382411642048,34.4475211882017
"392",48.8798214084627,55.3403329772396,41.7203470948472,51.1570859870577,58.8528565515031,48.0836588749765
"393",43.4566396953694,46.7471212373428,38.8989030866905,46.7687145969453,52.3577134104859,38.4881953912309
"394",38.6270752114915,44.5621566480482,33.4109737717953,40.2382883335321,46.9119231977037,35.9051684867962
"395",37.4312635855107,44.7738897017716,34.8012536932529,44.0281863854224,48.6125444344526,37.6586055866552
"396",38.9134315013284,44.9800539622933,35.475220540366,41.4172156063035,46.6473504726041,37.2332485870164
"397",39.6041182800737,45.1851587794425,34.1172625684492,41.8573265788503,50.0172639405182,37.5630567003628
"398",38.3660979950002,45.5565211755517,33.8066596032252,41.4362533436785,48.337296166888,39.9750588553241
"399",41.7144321476985,47.6317978508202,36.8026351962229,41.5318389926777,49.8465632876714,38.224861256111
"400",42.2786807407368,49.4305386303263,37.8705229161494,45.5971426777424,52.6879551793199,40.5591084479626
"401",39.9505049368666,44.8367642667318,35.3272558630562,48.1995109537396,56.7055630611437,45.7645440334602
"402",40.5810988485117,44.7511394830225,34.6134557071071,43.0135866503531,51.0107406235837,40.3737173966374
"403",38.7199562942683,45.8161730366467,34.7683500083657,47.9300146552863,52.2588514287998,40.4068255916206
"404",41.5394579582607,48.923532792793,38.6248128421572,45.9024962272213,52.5009215860399,40.7811266846133
"405",38.1236049820094,44.081894046174,35.4766513239169,44.7351228780014,48.5880823450333,38.0778462569988
"406",40.5457155361191,46.8826229192751,35.9486511599522,44.0620657389235,49.4974473291049,36.2063052054382
"407",36.8620153347639,43.3274539011041,33.7002654904652,39.9750608651947,45.0593910551441,35.8490940654734
"408",41.3033096706811,50.0405641639687,36.9758329599464,46.6242379441755,54.1315986794419,41.5323354211118
"409",42.4161258579414,46.5449318910267,35.4554518381617,45.3927504820918,53.0035914527437,39.1745852935489
"410",39.3311871312184,45.8923564531355,35.6149195936112,45.1080574050183,50.7845006495406,39.0989119862204
"411",43.9156982319406,49.781213858963,37.038358335535,48.0656238180919,53.668328524917,42.5874948961681
"412",38.6384243121539,46.2950156363927,34.6546655871407,43.8422190046704,52.8545789136487,41.964798150004
"413",41.8452048215584,48.1491068820037,38.2024491566237,45.4495694506849,52.4718017546968,39.3433133897864
"414",44.3862004431805,52.2522859103432,36.471721864854,49.7491451045582,57.8790377019972,43.7383603103459
"415",39.6599388377996,46.1527671658747,35.0027085268556,45.1014247002867,52.2759867681587,40.207818990846
"416",41.4194566623956,46.6020565585529,35.7526041719536,45.870548148327,52.0692251439521,40.6760993465672
"417",40.045098605181,45.2753730501108,35.1078160810996,40.1535343759267,45.5206711503263,34.0050029605481
"418",39.4891165197068,45.1552372862362,35.0605816865504,46.9635405517838,54.0928078085917,41.6081375895237
"419",38.259940945508,44.7095601464381,33.8492847645728,43.7767006932639,50.2270134894606,35.5128363241375
"420",38.7226050366616,46.8914193481429,35.1780090444385,43.6186917716418,50.7163382761761,37.5438827177955
"421",41.3466442661418,48.3303152996445,37.8991886783099,46.4435836141683,55.4844597843003,42.6743495099072
"422",37.8250170552553,45.4398682892703,34.4989910182356,43.2067479987071,49.0977261151498,39.4749428489201
"423",40.4883157582223,46.862517167182,36.0024588096755,44.2988514576531,51.0461300544463,37.8211385864075
"424",39.8979394289947,45.6841589087561,35.644208219252,43.6340262832861,49.3302645504762,38.7586297297727
"425",38.4450103343764,43.193422349717,33.6688496327684,41.7331046934911,49.6584144898339,38.5992835780325
"426",39.887551885645,45.8653706856961,37.0660894818696,41.8333237897538,50.9525474944064,38.2098024283442
"427",36.1946076309643,42.240508356369,33.9227720965913,39.9334541790717,44.9032526131938,35.8160855480509
"428",40.5120890957911,46.8286200024498,35.5394343421541,43.7453408384595,48.1995528161172,39.2056577246647
"429",40.9663990646116,47.0729659862222,37.1717963642591,48.0990823943381,54.7793028590945,44.1300805043691
"430",37.600431064845,44.2500347849942,32.3255966982866,42.7224698539357,48.6831700141896,38.2276223409966
"431",44.4148731999911,46.9132366140823,37.3818522781925,48.1287346038163,53.7213476926342,41.889646871264
"432",45.881873746408,51.5326353344633,39.0130206042675,49.0320308855458,54.3948475012763,43.0294776331834
"433",40.5622187916239,46.4713305153453,38.1419348141053,47.3408911430165,54.0152260089247,39.6055405535886
"434",41.1544656835982,45.8384095130917,35.9568975256382,47.0372230826205,54.2858952934177,40.4649070988773
"435",41.4939512364645,48.115896479017,38.2850596490777,43.8499141017981,52.0486239304465,40.5079941681271
"436",35.7527092346146,44.7239382143059,32.1298709480866,38.4123345409382,46.4047311804662,34.5993418704946
"437",36.3486714138153,40.253691005952,30.7734687162847,41.4375020022812,46.0661330580479,36.2053474798674
"438",40.7796941658842,47.3508332947652,35.1634654068414,40.5288428763674,46.1922072056607,35.9393548236039
"439",44.2851552944849,50.6561753766912,39.3009599832792,45.3334839520267,53.6094550355303,40.8012789340394
"440",37.8974284770064,44.8673001990268,34.0877423103052,45.2034652912385,52.1545864144124,39.3035130542551
"441",42.288623990749,47.2721596005661,35.6538213757594,40.6111051602868,47.6752756077328,35.8170139554233
"442",38.6081522126392,43.9628616202005,34.342023475222,46.9275223426763,52.1555913899241,39.781911509975
"443",40.8131451171458,44.509066605695,35.6253809094986,43.7045091252016,49.4953506134521,38.7623176602885
"444",41.0403108072077,47.2252269922452,35.3475841733279,46.9628018139726,54.3445100346473,42.6197094471818
"445",42.7397988649401,47.9266987522382,37.7820572833292,47.7163630629094,54.1469240446786,42.9392676457235
"446",35.9935509904025,43.1070288065382,32.3748763417263,39.5767650031089,47.7679360641707,35.6923522926872
"447",39.9853390452579,45.0979557090291,35.9370590137958,44.3146162233095,48.8283602585079,37.4085215922834
"448",38.7879563660045,44.7782302134471,37.2658854092722,46.7530585136755,51.6873967518665,41.3173951261808
"449",34.4163407181132,42.3437226489207,34.10606064024,45.2251769436035,52.0092614311685,40.6581461362668
"450",36.3801947312662,40.7957207521137,31.1178312531481,39.0286351367737,43.4613164285947,35.1318460696096
"451",39.6266076921888,44.0518184155937,33.0745450463439,43.9598567741333,51.7873387315225,36.2315790464001
"452",37.6310180107568,42.8238486672509,32.8979118854001,39.5999651778342,47.1149206953248,34.8533699843172
"453",36.4753762170542,42.6053739569889,30.9223209225329,40.4679826011912,47.6816830021982,36.5984927398538
"454",42.0016308569213,47.2380119238752,37.465795656306,44.6567830023038,50.0911291466793,40.2097820408638
"455",36.9495397211035,45.1270795236617,34.7224659205941,40.1499064973869,49.7489160070605,37.3022745932055
"456",41.1923054063166,48.3403752532705,38.0372006726324,45.4874712478362,51.6649912862887,40.0166940766567
"457",41.4708522178138,49.5411729405517,36.2256650843885,48.500104527741,55.2271500285926,44.1449744239826
"458",42.1250337210391,47.2784220808528,39.3078337833432,47.6353990298942,54.1228367883458,41.7967946452214
"459",40.9726260668343,47.4553666766939,34.8530019884564,43.0211006755599,50.4815666013741,40.5083749585555
"460",37.1789645089536,41.2441489177575,31.564125382046,40.2232703673167,44.5592998626429,34.7654597590966
"461",42.8236940250123,47.1563479771267,36.1101933560055,41.9957932422166,48.1780542897443,38.5316865842001
"462",39.6173181374552,46.0630232459724,34.4257501856227,47.5706304299315,55.5104824512907,41.5035873222852
"463",40.8538535835086,46.2720254138438,35.2937652360266,44.3634407906258,49.0642945237409,36.1346796093034
"464",38.3418286858108,44.5793020255633,34.2464237153668,41.6446572794721,48.4644006684502,37.879169940713
"465",43.8264187892178,50.5230236324164,38.1180674143286,45.9020035442558,53.8331659424001,41.6591241737095
"466",42.8216304933722,47.3877544797898,37.7258216488414,47.2110720048216,53.5192240463552,41.3870255135512
"467",41.5177565433071,46.0697540559085,37.5937706033502,51.5329188704593,58.8473257470822,45.3548147362578
"468",42.6844586921379,50.5526723646554,37.2693041504711,46.3235765548232,53.8374769960558,42.4570522220671
"469",42.1503813017207,47.9183780286657,36.1664653380542,46.5533629079257,54.48573088603,39.7112883999005
"470",40.2529912876242,45.8338300473309,33.8913261869374,45.6170258479526,51.6782135433296,41.1709437445781
"471",35.8503361573749,41.8488518067671,33.0085982827495,40.0003754851053,47.6270916324027,36.2581054083287
"472",38.6312921744206,43.6962257367125,33.8290135180047,40.2463945404333,49.8904052265405,35.7793823730127
"473",42.8168711091392,48.6749688864927,35.8869772237384,41.5998885784857,46.0923244703836,37.8180858675127
"474",42.0408003910268,47.3563185437423,36.1975106170461,44.5792757354073,52.2821751128935,40.6883586152868
"475",38.8997997265871,44.5910116375124,35.2579219326032,44.1798363129455,52.4974991905411,39.4284003694451
"476",41.5574641793473,47.0938538131417,35.36494398298,41.7666395822886,47.1408421347443,35.3524398402407
"477",41.6803261323821,45.2251848563738,36.5952059447397,46.0564938690804,52.3040762540706,40.2118902685868
"478",36.1018869342782,42.7511045042888,33.4530903292292,41.5715287378251,47.9716019929647,37.7334795925856
"479",34.6121024956716,42.9958257750718,33.0300956030864,42.7913313203179,47.9717010334928,37.1957878276322
"480",42.4578900462527,46.5293589415044,37.9374744056008,49.084226522598,54.0866729893037,41.2035726746765
"481",42.9636280593053,51.0464842301576,38.1177113790426,44.9400866149495,50.7303856902566,38.8672038926985
"482",37.8534522173186,44.3347645482198,34.7327005820654,39.2314324391852,46.8753240751606,35.4429709701684
"483",44.9268581532835,50.1979869521317,39.3336159580097,47.5154731147223,54.4179370020546,43.2563661505916
"484",38.1253966563916,46.2444241470651,34.8434309798878,42.9164228258965,48.8320380060498,38.1173792866013
"485",40.0582792857385,45.5101699282029,35.4215929130923,42.0378070201427,50.1318524330841,38.7597315823893
"486",35.9109455326551,37.4992495505101,30.2451334426738,34.9544440523691,40.7035574162858,30.9783739727657
"487",45.0401472030581,53.0135527396853,41.180410226594,51.0192952235632,58.6871462660358,44.8102753531945
"488",41.5616849047707,47.6476677092167,38.2237686469661,46.2490087624859,53.0865189603977,40.3509154480619
"489",39.9995545363,45.9039984868286,34.2737972900821,41.4470210099438,47.3093414894543,37.0916822061256
"490",36.4805765662881,41.5280731907426,32.600366669118,40.1449377311833,44.3233982164232,36.502842493588
"491",37.6093222274533,45.0911721731287,34.2887761285232,42.2270486373151,47.4791762294612,36.4873095198037
"492",42.1918056792893,48.6979356953046,36.5178503374951,48.2728235883976,55.7872971929767,42.9880844077689
"493",36.7380404091942,42.7155811374796,33.1396941073073,36.0689767240579,42.8557295216602,32.8143835801169
"494",44.3161383934429,51.8711488184456,40.7968248197595,47.5612455699138,54.0182309171282,42.4606487403045
"495",41.2455903429955,45.9333446602755,35.5198120546057,48.4885621996216,54.1567848042031,44.5980455556363
"496",41.2571307454288,44.3225557521787,35.735742471406,44.6991746231073,49.9995006357175,39.8650684565358
"497",34.7099201663708,43.0123220988196,31.374787987462,38.67439501393,42.3207159597442,33.6425273836479
"498",40.3981094870679,45.1326678416786,34.286830437023,42.6525976482151,48.2815945091473,37.3616178829535
"499",39.480231996493,45.010107572243,34.9012770320038,42.8646889665995,47.6973015994112,35.0150517840338
"500",36.3783162281298,41.3642328525834,31.5123003136324,40.5525063197684,46.2834981687653,33.8344159862949
